{
    "taskName": "blobs",
    "nAttempts": 20,
    "names": [
        "3"
    ],
    "arrays": [
        [
            0.0,
            0.0,
            0.0010008811950683594,
            0.001001596450805664,
            0.0010478496551513672,
            0.0,
            0.0,
            0.0,
            0.0025081634521484375,
            0.0,
            0.0005037784576416016,
            0.0,
            0.0,
            0.0005478858947753906,
            0.0010068416595458984,
            0.0009980201721191406,
            0.0,
            0.0,
            0.0,
            0.00099945068359375
        ]
    ]
}